Question,Freelancer Responses (n=15),Client Responses (n=12),Priority Level
"How important is secure payment processing?","15 (100%) - Very Important","12 (100%) - Very Important",Critical
"How important is integrated communication?","14 (93%) - Very Important, 1 (7%) - Important","11 (92%) - Very Important, 1 (8%) - Important",High
"How important is project tracking?","13 (87%) - Very Important, 2 (13%) - Important","12 (100%) - Very Important",High
"How important is portfolio showcase?","15 (100%) - Very Important","8 (67%) - Important, 4 (33%) - Moderate",Medium
"How important is rating/review system?","14 (93%) - Very Important, 1 (7%) - Important","11 (92%) - Very Important, 1 (8%) - Important",High
"How important is dispute resolution?","13 (87%) - Very Important, 2 (13%) - Important","12 (100%) - Very Important",Critical
"Current payment delay frequency","10 (67%) - Often, 5 (33%) - Sometimes","N/A",N/A
"Current communication tool satisfaction","3 (20%) - Satisfied, 12 (80%) - Unsatisfied","2 (17%) - Satisfied, 10 (83%) - Unsatisfied",N/A
"Willingness to use integrated platform","15 (100%) - Yes","12 (100%) - Yes",N/A
