Participant ID,Positive Feedback,Negative Feedback,Suggestions for Improvement
UT-FL-001,"Clean interface, easy navigation","Mobile version needs work","Improve mobile responsiveness"
UT-FL-002,"Integrated approach saves time","Some advanced filters missing","Add more search filter options"
UT-FL-003,"Real-time messaging is excellent","None","Keep up the good work"
UT-FL-004,"Payment system feels secure","Initial learning curve","More onboarding tutorials"
UT-FL-005,"Everything in one place","Forms difficult on mobile","Optimize forms for mobile"
UT-FL-006,"Project management is intuitive","Notification settings limited","Granular notification controls"
UT-FL-007,"Escrow system builds trust","Help documentation sparse","Expand help documentation"
UT-FL-008,"Modern and professional design","Loading could be faster","Optimize loading speeds"
UT-FL-009,"Easy to find relevant projects","Touch interactions on mobile","Better mobile touch support"
UT-FL-010,"Saves 2+ hours per project","None","Continue current direction"
UT-FL-011,"Matching algorithm is transparent","Advanced analytics missing","Add reporting features"
UT-FL-012,"User-friendly for beginners","Setup took some time","Guided setup wizard"
UT-FL-013,"Communication eliminates external tools","Mobile experience lacking","Mobile app development"
UT-FL-014,"Milestone payments give confidence","None","Keep improving"
UT-FL-015,"Best platform I've used","None","Maintain quality standards"
UT-CL-001,"Secure payment processing","Mobile responsiveness issues","Mobile optimization"
UT-CL-002,"Good concept overall","Steep learning curve initially","Better onboarding"
UT-CL-003,"Integrated workflow is efficient","Some filters could be better","Advanced filtering options"
UT-CL-004,"Clean interface","Form validation confusing","Clearer error messages"
UT-CL-005,"Real-time updates are helpful","Notification overload","Notification preferences"
UT-CL-006,"Easy to post projects","Documentation needs work","Comprehensive help docs"
UT-CL-007,"Everything I need in one place","Loading times occasionally slow","Performance optimization"
UT-CL-008,"Professional and trustworthy","None","Excellent platform"
UT-CL-009,"Messaging system works great","Advanced search needed","More filter options"
UT-CL-010,"Good value proposition","Mobile experience","Mobile improvements"
