Participant ID,Role,Years of Experience,Primary Skills,Interview Date,Key Needs Mentioned,Challenges Mentioned
FL-001,Freelancer,3,Web Development,2025-09-15,"Secure payment processing, Integrated communication, Project management","Payment delays, Fragmented communication"
FL-002,Freelancer,5,Graphic Design,2025-09-18,"Portfolio showcase, Transparent rating system, Timely payments","Limited visibility, Difficulty showcasing skills"
FL-003,Freelancer,2,Content Writing,2025-09-22,"Milestone-based payments, Communication tools, Project tracking","Payment disputes, Multiple external tools needed"
FL-004,Freelancer,7,Mobile Development,2025-09-25,"Secure payments, Professional portfolio, Rating system","Payment delays, Building credibility challenges"
FL-005,Freelancer,4,UI/UX Design,2025-10-02,"Integrated communication, Project management, Portfolio features","Fragmented communication, Limited project visibility"
FL-006,Freelancer,6,Data Analysis,2025-10-08,"Timely payments, Transparent reviews, Project tracking","Payment disputes, Inadequate resolution mechanisms"
FL-007,Freelancer,3,Digital Marketing,2025-10-15,"Milestone payments, Communication tools, Portfolio showcase","Payment delays, Difficulty showcasing expertise"
FL-008,Freelancer,5,Video Editing,2025-10-22,"Secure payment processing, Project management, Rating system","Fragmented tools, Limited tracking capabilities"
FL-009,Freelancer,4,Software Testing,2025-11-05,"Integrated communication, Milestone-based payments, Project visibility","Payment delays, Multiple communication platforms"
FL-010,Freelancer,8,Backend Development,2025-11-12,"Secure payments, Professional portfolio, Transparent ratings","Payment disputes, Building professional credibility"
FL-011,Freelancer,2,Social Media Management,2025-11-19,"Communication tools, Project tracking, Portfolio features","Limited visibility, Difficulty showcasing results"
FL-012,Freelancer,6,SEO Specialist,2025-11-26,"Milestone payments, Integrated tools, Rating system","Payment delays, Fragmented communication"
FL-013,Freelancer,3,Copywriting,2025-12-03,"Secure payments, Project management, Portfolio showcase","Payment disputes, Limited project tracking"
FL-014,Freelancer,5,Database Administration,2025-12-10,"Timely payments, Communication tools, Transparent reviews","Payment delays, Multiple external tools"
FL-015,Freelancer,4,DevOps Engineer,2026-01-07,"Milestone-based payments, Project tracking, Professional portfolio","Inadequate dispute resolution, Fragmented communication"
