Participant ID,Role,Company Size,Industry,Interview Date,Key Needs Mentioned,Challenges Mentioned
CL-001,Client,Small (10-50),Technology,2024-01-15,"Qualified freelancers, Project management tools, Secure payments","Finding suitable freelancers, Limited tracking capabilities"
CL-002,Client,Medium (51-200),Marketing,2024-01-16,"Verified skills, Integrated communication, Escrow protection","Payment security concerns, Fragmented communication"
CL-003,Client,Small (10-50),E-commerce,2024-01-17,"Project monitoring, Secure payments, Dispute resolution","Limited milestone management, Finding qualified talent"
CL-004,Client,Large (200+),Finance,2024-01-18,"Qualified freelancers, Comprehensive tools, Reliable dispute resolution","Difficulty finding specialists, Limited project visibility"
CL-005,Client,Medium (51-200),Healthcare,2024-01-19,"Verified experience, Project tracking, Integrated communication","Payment security concerns, Fragmented documentation"
CL-006,Client,Small (10-50),Education,2024-01-22,"Access to talent, Milestone management, Secure processing","Finding suitable freelancers, Limited tracking tools"
CL-007,Client,Medium (51-200),Real Estate,2024-01-23,"Project management, Escrow protection, Communication tools","Freelancer reliability concerns, Fragmented project communication"
CL-008,Client,Small (10-50),Retail,2024-01-24,"Qualified freelancers, Secure payments, Dispute resolution","Limited milestone management, Difficulty finding talent"
CL-009,Client,Large (200+),Manufacturing,2024-01-25,"Verified skills, Comprehensive tracking, Integrated tools","Payment security concerns, Limited project visibility"
CL-010,Client,Medium (51-200),Consulting,2024-01-26,"Project monitoring, Secure processing, Communication features","Finding qualified freelancers, Fragmented documentation"
CL-011,Client,Small (10-50),Media,2024-01-29,"Access to talent, Milestone management, Dispute resolution","Limited tracking capabilities, Freelancer reliability concerns"
CL-012,Client,Medium (51-200),Hospitality,2024-01-30,"Verified experience, Secure payments, Integrated communication","Difficulty finding specialists, Fragmented project communication"
